--               --------------------             1 ---------------
INSERT INTO PERSONS ("IDPERSON","PHONE_NUMBER","CARDID","FULL_NAME" , "EMAIL") VALUES (1,'89878526589','25 68 955789','Иванов Иван Иванович', 'ivanov@mail.ru');

INSERT INTO CREDITS ("IDCREDIT","LIMITES", "PERCENT") VALUES (1,'600000', '3.4');

INSERT INTO BANKS ("ID","IDCREDIT","IDPERSON") VALUES (1 , 1, 1);

INSERT INTO CREDITS_OFFER ("ID_OFFER","FULL_CREDIT","CREDIT","NAME","IDCREDIT","IDPERSON") VALUES (1,'610200,00','600000','Иванов Иван Иванович', 1,1);

INSERT INTO DATE_OF_PAY ("ID","BODY","DATE","PAY","PERCENT","ID_OFFER") VALUES (1, '100000,00',	'2021-12-07','101700,00','1700,00',1);
INSERT INTO DATE_OF_PAY ("ID","BODY","DATE","PAY","PERCENT","ID_OFFER") VALUES (2, '100000,00',	'2022-01-07','101700,00','1700,00',1);
INSERT INTO DATE_OF_PAY ("ID","BODY","DATE","PAY","PERCENT","ID_OFFER") VALUES (3, '100000,00',	'2022-02-07','101700,00','1700,00',1);
INSERT INTO DATE_OF_PAY ("ID","BODY","DATE","PAY","PERCENT","ID_OFFER") VALUES (4, '100000,00',	'2022-03-07','101700,00','1700,00',1);
INSERT INTO DATE_OF_PAY ("ID","BODY","DATE","PAY","PERCENT","ID_OFFER") VALUES (5, '100000,00',	'2022-04-07','101700,00','1700,00',1);
INSERT INTO DATE_OF_PAY ("ID","BODY","DATE","PAY","PERCENT","ID_OFFER") VALUES (6, '100000,00',	'2022-05-07','101700,00','1700,00',1);
--               --------------------             1 ---------------


--               --------------------             2 ---------------
INSERT INTO PERSONS ("IDPERSON","PHONE_NUMBER","CARDID","FULL_NAME" , "EMAIL") VALUES (2,'89876337524','25 68 954621','Орлов Александр Алексееви', 'orlov@mail.ru');

INSERT INTO CREDITS ("IDCREDIT","LIMITES", "PERCENT") VALUES (2,'250000', '10');

INSERT INTO BANKS ("ID","IDCREDIT","IDPERSON") VALUES (2 , 2, 2);

INSERT INTO CREDITS_OFFER ("ID_OFFER","FULL_CREDIT","CREDIT","NAME","IDCREDIT","IDPERSON") VALUES (2,'268750,00','250000','Орлов Александр Алексееви', 2,2);

INSERT INTO DATE_OF_PAY ("ID","BODY","DATE","PAY","PERCENT","ID_OFFER") VALUES (7,   '27777,78', '2021-12-07','29861,11','2083,33',2);
INSERT INTO DATE_OF_PAY ("ID","BODY","DATE","PAY","PERCENT","ID_OFFER") VALUES (8,   '27777,78', '2022-01-07','29861,11','2083,33',2);
INSERT INTO DATE_OF_PAY ("ID","BODY","DATE","PAY","PERCENT","ID_OFFER") VALUES (9,   '27777,78', '2022-02-07','29861,11','2083,33',2);
INSERT INTO DATE_OF_PAY ("ID","BODY","DATE","PAY","PERCENT","ID_OFFER") VALUES (10,  '27777,78', '2022-03-07','29861,11','2083,33',2);
INSERT INTO DATE_OF_PAY ("ID","BODY","DATE","PAY","PERCENT","ID_OFFER") VALUES (11,  '27777,78', '2022-04-07','29861,11','2083,33',2);
INSERT INTO DATE_OF_PAY ("ID","BODY","DATE","PAY","PERCENT","ID_OFFER") VALUES (12,  '27777,78', '2022-05-07','29861,11','2083,33',2);
INSERT INTO DATE_OF_PAY ("ID","BODY","DATE","PAY","PERCENT","ID_OFFER") VALUES (13,  '27777,78', '2022-06-07','29861,11','2083,33',2);
INSERT INTO DATE_OF_PAY ("ID","BODY","DATE","PAY","PERCENT","ID_OFFER") VALUES (14,  '27777,78', '2022-07-07','29861,11','2083,33',2);
INSERT INTO DATE_OF_PAY ("ID","BODY","DATE","PAY","PERCENT","ID_OFFER") VALUES (15,  '27777,78', '2022-08-07','29861,11','2083,33',2);
--               --------------------             2 ---------------


--               --------------------             3 ---------------
INSERT INTO PERSONS ("IDPERSON","PHONE_NUMBER","CARDID","FULL_NAME" , "EMAIL") VALUES (3,'89134449537','66 85 418579','Жабин Николай Петрович', 'zhJK@mail.ru');

INSERT INTO CREDITS ("IDCREDIT","LIMITES", "PERCENT") VALUES (3,'50000', '5');

INSERT INTO BANKS ("ID","IDCREDIT","IDPERSON") VALUES (3 , 3, 3);

INSERT INTO CREDITS_OFFER ("ID_OFFER","FULL_CREDIT","CREDIT","NAME","IDCREDIT","IDPERSON") VALUES (3,'	50625,00','50000','Жабин Николай Петрович', 3,3);

INSERT INTO DATE_OF_PAY ("ID","BODY","DATE","PAY","PERCENT","ID_OFFER") VALUES (16, '16666,67','2021-12-07','16875,00','208,33' ,3);
INSERT INTO DATE_OF_PAY ("ID","BODY","DATE","PAY","PERCENT","ID_OFFER") VALUES (17, '16666,67','2022-01-07','16875,00','208,33' ,3);
INSERT INTO DATE_OF_PAY ("ID","BODY","DATE","PAY","PERCENT","ID_OFFER") VALUES (18, '16666,67','2022-02-07','16875,00','208,33' ,3);
--               --------------------             3 ---------------